ID DE PERSONA,NOMBRE,DEPARTAMENTO,HORA,PUNTO DE VERIFICACIÓN
"1001","Juan Pérez","Alumbrado Público","08:00","Obras Publicas_Puerta1"
"1002","María García","Alumbrado Público","08:15","Obras Publicas_Puerta2"
"1003","Carlos López","Alumbrado Público","08:30","Obras Publicas_Puerta1"
"1004","Ana Rodríguez","Alumbrado Público","08:45","Obras Publicas_Puerta3"
"1005","Luis Martínez","Alumbrado Público","09:00","Obras Publicas_Puerta2"
"1006","Carmen Silva","Alumbrado Público","09:15","Obras Publicas_Puerta1"
"1007","Roberto Díaz","Alumbrado Público","09:30","Obras Publicas_Puerta4"
"1008","Patricia Morales","Alumbrado Público","09:45","Obras Publicas_Puerta2"
"1009","Fernando Herrera","Alumbrado Público","10:00","Obras Publicas_Puerta1"
"1010","Isabel Vargas","Alumbrado Público","10:15","Obras Publicas_Puerta3"
"1011","Miguel Torres","Alumbrado Público","10:30","Obras Publicas_Puerta2"
"1012","Lucía Jiménez","Alumbrado Público","10:45","Obras Publicas_Puerta1"
"1013","Diego Ramírez","Alumbrado Público","11:00","Obras Publicas_Puerta4"
"1014","Sofia Castro","Alumbrado Público","11:15","Obras Publicas_Puerta2"
"1015","Andrés Mendoza","Alumbrado Público","11:30","Obras Publicas_Puerta1"
"1016","Valentina Ruiz","Alumbrado Público","11:45","Obras Publicas_Puerta3"
"1017","Gabriel Ortega","Alumbrado Público","12:00","Obras Publicas_Puerta2"
"1018","Camila Paredes","Alumbrado Público","12:15","Obras Publicas_Puerta1"
"1019","Sebastián Vega","Alumbrado Público","12:30","Obras Publicas_Puerta4"
"1020","Daniela Flores","Alumbrado Público","12:45","Obras Publicas_Puerta2"